<?xml version="1.0" encoding="UTF-8"?>
<project-private xmlns="http://www.netbeans.org/ns/project-private/1">
    <editor-bookmarks xmlns="http://www.netbeans.org/ns/editor-bookmarks/2" lastBookmarkId="0"/>
    <open-files xmlns="http://www.netbeans.org/ns/projectui-open-files/2">
        <group>
            <file>file:/D:/Algo/18/домашка/dijkstraApp/src/dijkstraapp/eWeight.java</file>
            <file>file:/D:/Algo/18/домашка/dijkstraApp/src/dijkstraapp/DArray.java</file>
            <file>file:/D:/Algo/18/домашка/dijkstraApp/src/dijkstraapp/DijkstraApp.java</file>
            <file>file:/D:/Algo/18/домашка/dijkstraApp/src/dijkstraapp/graph4dijkstra.java</file>
            <file>file:/D:/Algo/18/домашка/dijkstraApp/src/dijkstraapp/Edge.java</file>
        </group>
    </open-files>
</project-private>
